,fiber,wavelength,element,exptime,arm,X,Y,peak,dcb_wheel,lamp
0,2,585.4110,Ne,1,b,4008.7559,3098.6487,1.0000,12.7000,Ne
1,63,585.4110,Ne,1,b,3631.8413,3084.3406,1.0000,12.7000,Ne
2,192,585.4110,Ne,1,b,2837.6566,3064.4308,1.0000,12.7000,Ne
3,255,585.4110,Ne,1,b,2450.1881,3059.5100,1.0000,12.7000,Ne
4,339,585.4110,Ne,1,b,2002.4911,3057.7355,1.0000,12.7000,Ne
5,401,585.4110,Ne,1,b,1620.7289,3059.9664,1.0000,12.7000,Ne
6,464,585.4110,Ne,1,b,1232.2643,3065.2975,1.0000,12.7000,Ne
7,525,585.4110,Ne,1,b,855.3890,3073.4321,1.0000,12.7000,Ne
8,587,585.4110,Ne,1,b,471.2433,3084.7838,1.0000,12.7000,Ne
9,650,585.4110,Ne,1,b,79.0864,3099.7081,1.0000,12.7000,Ne
10,2,588.3525,Ne,1,b,4008.9450,3142.7699,2.0000,12.7000,Ne
11,63,588.3525,Ne,1,b,3631.9682,3128.3525,2.0000,12.7000,Ne
12,192,588.3525,Ne,1,b,2837.7186,3108.3197,2.0000,12.7000,Ne
13,255,588.3525,Ne,1,b,2450.2259,3103.3698,2.0000,12.7000,Ne
14,339,588.3525,Ne,1,b,2002.4891,3101.5823,2.0000,12.7000,Ne
15,401,588.3525,Ne,1,b,1620.6949,3103.8224,2.0000,12.7000,Ne
16,464,588.3525,Ne,1,b,1232.1932,3109.1759,2.0000,12.7000,Ne
17,525,588.3525,Ne,1,b,855.2708,3117.3513,2.0000,12.7000,Ne
18,587,588.3525,Ne,1,b,471.0584,3128.7682,2.0000,12.7000,Ne
19,650,588.3525,Ne,1,b,78.7977,3143.7996,2.0000,12.7000,Ne
20,2,594.6481,Ne,1,b,4009.3929,3237.3554,3.0000,12.7000,Ne
21,63,594.6481,Ne,1,b,3632.2677,3222.6886,3.0000,12.7000,Ne
22,192,594.6481,Ne,1,b,2837.8611,3202.3796,3.0000,12.7000,Ne
23,255,594.6481,Ne,1,b,2450.3102,3197.3674,3.0000,12.7000,Ne
24,339,594.6481,Ne,1,b,2002.4854,3195.5515,3.0000,12.7000,Ne
25,401,594.6481,Ne,1,b,1620.6187,3197.8086,3.0000,12.7000,Ne
26,464,594.6481,Ne,1,b,1232.0289,3203.2162,3.0000,12.7000,Ne
27,525,594.6481,Ne,1,b,854.9996,3211.4808,3.0000,12.7000,Ne
28,587,594.6481,Ne,1,b,470.6337,3223.0485,3.0000,12.7000,Ne
29,650,594.6481,Ne,1,b,78.1333,3238.3202,3.0000,12.7000,Ne
30,2,603.1667,Ne,2,b,4010.1038,3365.6943,4.0000,12.7000,Ne
31,63,603.1667,Ne,2,b,3632.7379,3350.6615,4.0000,12.7000,Ne
32,192,603.1667,Ne,2,b,2838.0778,3329.9451,4.0000,12.7000,Ne
33,255,603.1667,Ne,2,b,2450.4366,3324.8455,4.0000,12.7000,Ne
34,339,603.1667,Ne,2,b,2002.4768,3322.9909,4.0000,12.7000,Ne
35,401,603.1667,Ne,2,b,1620.5028,3325.2715,4.0000,12.7000,Ne
36,464,603.1667,Ne,2,b,1231.7828,3330.7532,4.0000,12.7000,Ne
37,525,603.1667,Ne,2,b,854.5926,3339.1529,4.0000,12.7000,Ne
38,587,603.1667,Ne,2,b,469.9935,3350.9431,4.0000,12.7000,Ne
39,650,603.1667,Ne,2,b,77.1290,3366.5737,4.0000,12.7000,Ne
40,2,607.6019,Ne,1,b,4010.5248,3432.6870,5.0000,12.7000,Ne
41,63,607.6019,Ne,1,b,3633.0175,3417.4476,5.0000,12.7000,Ne
42,192,607.6019,Ne,1,b,2838.2021,3396.5000,5.0000,12.7000,Ne
43,255,607.6019,Ne,1,b,2450.5084,3391.3511,5.0000,12.7000,Ne
44,339,607.6019,Ne,1,b,2002.4708,3389.4762,5.0000,12.7000,Ne
45,401,607.6019,Ne,1,b,1620.4353,3391.7713,5.0000,12.7000,Ne
46,464,607.6019,Ne,1,b,1231.6431,3397.2958,5.0000,12.7000,Ne
47,525,607.6019,Ne,1,b,854.3605,3405.7697,5.0000,12.7000,Ne
48,587,607.6019,Ne,1,b,469.6266,3417.6872,5.0000,12.7000,Ne
49,650,607.6019,Ne,1,b,76.5554,3433.5203,5.0000,12.7000,Ne
50,2,609.7851,Ne,1,b,4010.7450,3465.7076,6.0000,12.7000,Ne
51,63,609.7851,Ne,1,b,3633.1634,3450.3625,6.0000,12.7000,Ne
52,192,609.7851,Ne,1,b,2838.2650,3429.2966,6.0000,12.7000,Ne
53,255,609.7851,Ne,1,b,2450.5441,3424.1228,6.0000,12.7000,Ne
54,339,609.7851,Ne,1,b,2002.4675,3422.2365,6.0000,12.7000,Ne
55,401,609.7851,Ne,1,b,1620.4018,3424.5394,6.0000,12.7000,Ne
56,464,609.7851,Ne,1,b,1231.5709,3430.0836,6.0000,12.7000,Ne
57,525,609.7851,Ne,1,b,854.2413,3438.5996,6.0000,12.7000,Ne
58,587,609.7851,Ne,1,b,469.4378,3450.5814,6.0000,12.7000,Ne
59,650,609.7851,Ne,1,b,76.2576,3466.5189,6.0000,12.7000,Ne
60,2,638.4756,Ne,1,b,4014.6237,3902.8118,7.0000,12.7000,Ne
61,63,638.4756,Ne,1,b,3635.7569,3885.7689,7.0000,12.7000,Ne
62,192,638.4756,Ne,1,b,2839.3352,3862.7328,7.0000,12.7000,Ne
63,255,638.4756,Ne,1,b,2451.1323,3857.1520,7.0000,12.7000,Ne
64,339,638.4756,Ne,1,b,2002.4117,3855.1000,7.0000,12.7000,Ne
65,401,638.4756,Ne,1,b,1619.8381,3857.5241,7.0000,12.7000,Ne
66,464,638.4756,Ne,1,b,1230.3850,3863.4365,7.0000,12.7000,Ne
67,525,638.4756,Ne,1,b,852.2509,3872.6162,7.0000,12.7000,Ne
68,587,638.4756,Ne,1,b,466.2708,3885.7080,7.0000,12.7000,Ne
69,650,638.4756,Ne,1,b,71.3615,3903.3274,7.0000,12.7000,Ne
70,2,650.8325,Ne,12,b,4016.9282,4093.1275,8.0000,12.7000,Ne
71,63,650.8325,Ne,12,b,3637.3557,4075.1921,8.0000,12.7000,Ne
72,192,650.8325,Ne,12,b,2839.9695,4051.0000,8.0000,12.7000,Ne
73,255,650.8325,Ne,12,b,2451.4681,4045.1737,8.0000,12.7000,Ne
74,339,650.8325,Ne,12,b,2002.3724,4043.0263,8.0000,12.7000,Ne
75,401,650.8325,Ne,12,b,1619.5090,4045.5291,8.0000,12.7000,Ne
76,464,650.8325,Ne,12,b,1229.6915,4051.6739,8.0000,12.7000,Ne
77,525,650.8325,Ne,12,b,851.0835,4061.2618,8.0000,12.7000,Ne
78,587,650.8325,Ne,12,b,464.4227,4075.0019,8.0000,12.7000,Ne
79,650,650.8325,Ne,12,b,68.6069,4093.5128,8.0000,12.7000,Ne
80,2,404.7708,Hg,8,b,4014.2748,446.1170,9.0000,4.0000,HgAr
81,63,404.7708,Hg,8,b,3635.0971,437.3762,9.0000,4.0000,HgAr
82,192,404.7708,Hg,8,b,2838.2412,424.1442,9.0000,4.0000,HgAr
83,255,404.7708,Hg,8,b,2450.1425,420.8045,9.0000,4.0000,HgAr
84,339,404.7708,Hg,8,b,2002.1909,419.7467,9.0000,4.0000,HgAr
85,401,404.7708,Hg,8,b,1620.3849,421.5610,9.0000,4.0000,HgAr
86,464,404.7708,Hg,8,b,1232.0830,425.5930,9.0000,4.0000,HgAr
87,525,404.7708,Hg,8,b,855.4822,431.5147,9.0000,4.0000,HgAr
88,587,404.7708,Hg,8,b,471.5797,439.3791,9.0000,4.0000,HgAr
89,650,404.7708,Hg,8,b,79.4574,448.9628,9.0000,4.0000,HgAr
90,2,435.9560,Hg,2,b,4010.7931,899.0182,10.0000,4.0000,Hg
91,63,435.9560,Hg,2,b,3632.9220,888.8912,10.0000,4.0000,Hg
92,192,435.9560,Hg,2,b,2837.5534,874.0710,10.0000,4.0000,Hg
93,255,435.9560,Hg,2,b,2449.8589,870.3958,10.0000,4.0000,Hg
94,339,435.9560,Hg,2,b,2002.2947,869.1939,10.0000,4.0000,Hg
95,401,435.9560,Hg,2,b,1620.7545,871.1031,10.0000,4.0000,Hg
96,464,435.9560,Hg,2,b,1232.7267,875.4283,10.0000,4.0000,Hg
97,525,435.9560,Hg,2,b,856.4671,881.8760,10.0000,4.0000,Hg
98,587,435.9560,Hg,2,b,473.1206,890.6176,10.0000,4.0000,Hg
99,650,435.9560,Hg,2,b,81.9350,901.5596,10.0000,4.0000,Hg
100,2,546.2268,Hg,2,b,4007.2722,2514.7631,11.0000,4.0000,Hg
101,63,546.2268,Hg,2,b,3630.8147,2501.6552,11.0000,4.0000,Hg
102,192,546.2268,Hg,2,b,2837.0831,2483.1758,11.0000,4.0000,Hg
103,255,546.2268,Hg,2,b,2449.8216,2478.6031,11.0000,4.0000,Hg
104,339,546.2268,Hg,2,b,2002.4905,2476.9874,11.0000,4.0000,Hg
105,401,546.2268,Hg,2,b,1621.0337,2479.1259,11.0000,4.0000,Hg
106,464,546.2268,Hg,2,b,1232.9550,2484.1730,11.0000,4.0000,Hg
107,525,546.2268,Hg,2,b,856.5477,2491.8333,11.0000,4.0000,Hg
108,587,546.2268,Hg,2,b,473.0490,2502.4431,11.0000,4.0000,Hg
109,650,546.2268,Hg,2,b,81.8824,2516.2143,11.0000,4.0000,Hg
110,2,577.1210,Hg,8,b,4008.2883,2974.5411,12.0000,4.0000,HgAr
111,63,577.1210,Hg,8,b,3631.5270,2960.5205,12.0000,4.0000,HgAr
112,192,577.1210,Hg,8,b,2837.4973,2940.9437,12.0000,4.0000,HgAr
113,255,577.1210,Hg,8,b,2450.0916,2936.0989,12.0000,4.0000,HgAr
114,339,577.1210,Hg,8,b,2002.4946,2934.3603,12.0000,4.0000,HgAr
115,401,577.1210,Hg,8,b,1620.8140,2936.5712,12.0000,4.0000,HgAr
116,464,577.1210,Hg,8,b,1232.4508,2941.8383,12.0000,4.0000,HgAr
117,525,577.1210,Hg,8,b,855.6972,2949.8636,12.0000,4.0000,HgAr
118,587,577.1210,Hg,8,b,471.7231,2961.0391,12.0000,4.0000,HgAr
119,650,577.1210,Hg,8,b,79.8344,2975.6834,12.0000,4.0000,HgAr
120,2,579.2276,Hg,8,b,4008.3986,3006.0457,13.0000,4.0000,HgAr
121,63,579.2276,Hg,8,b,3631.6019,2991.9553,13.0000,4.0000,HgAr
122,192,579.2276,Hg,8,b,2837.5356,2972.2964,13.0000,4.0000,HgAr
123,255,579.2276,Hg,8,b,2450.1154,2967.4323,13.0000,4.0000,HgAr
124,339,579.2276,Hg,8,b,2002.4942,2965.6842,13.0000,4.0000,HgAr
125,401,579.2276,Hg,8,b,1620.7928,2967.9011,13.0000,4.0000,HgAr
126,464,579.2276,Hg,8,b,1232.4060,2973.1826,13.0000,4.0000,HgAr
127,525,579.2276,Hg,8,b,855.6225,2981.2355,13.0000,4.0000,HgAr
128,587,579.2276,Hg,8,b,471.6070,2992.4536,13.0000,4.0000,HgAr
129,650,579.2276,Hg,8,b,79.6541,3007.1661,13.0000,4.0000,HgAr
130,2,660.0775,Ne,1,r,4013.8238,478.7969,14.0000,4.0000,Ne
131,63,660.0775,Ne,1,r,3633.2764,467.2587,14.0000,4.0000,Ne
132,192,660.0775,Ne,1,r,2834.4929,449.1569,14.0000,4.0000,Ne
133,255,660.0775,Ne,1,r,2445.7611,444.9334,14.0000,4.0000,Ne
134,339,660.0775,Ne,1,r,1996.4266,442.9313,14.0000,4.0000,Ne
135,401,660.0775,Ne,1,r,1614.2272,444.1754,14.0000,4.0000,Ne
136,464,660.0775,Ne,1,r,1225.5029,448.4454,14.0000,4.0000,Ne
137,525,660.0775,Ne,1,r,848.2358,455.0230,14.0000,4.0000,Ne
138,587,660.0775,Ne,1,r,463.5092,463.8726,14.0000,4.0000,Ne
139,650,660.0775,Ne,1,r,70.5496,476.0884,14.0000,4.0000,Ne
140,2,693.1379,Ne,1,r,4010.4060,859.0800,15.0000,4.0000,Ne
141,63,693.1379,Ne,1,r,3630.8491,845.8544,15.0000,4.0000,Ne
142,192,693.1379,Ne,1,r,2833.5161,825.9958,15.0000,4.0000,Ne
143,255,693.1379,Ne,1,r,2445.2735,820.9326,15.0000,4.0000,Ne
144,339,693.1379,Ne,1,r,1996.7201,819.2958,15.0000,4.0000,Ne
145,401,693.1379,Ne,1,r,1614.9549,820.9638,15.0000,4.0000,Ne
146,464,693.1379,Ne,1,r,1226.7488,825.5167,15.0000,4.0000,Ne
147,525,693.1379,Ne,1,r,850.0889,832.6841,15.0000,4.0000,Ne
148,587,693.1379,Ne,1,r,466.1568,842.8867,15.0000,4.0000,Ne
149,650,693.1379,Ne,1,r,74.2279,855.8949,15.0000,4.0000,Ne
150,2,717.5915,Ne,1,r,4008.6827,1140.2807,16.0000,12.7000,Ne
151,63,717.5915,Ne,1,r,3629.5799,1126.1675,16.0000,12.7000,Ne
152,192,717.5915,Ne,1,r,2833.0390,1105.2847,16.0000,12.7000,Ne
153,255,717.5915,Ne,1,r,2445.0394,1099.7622,16.0000,12.7000,Ne
154,339,717.5915,Ne,1,r,1996.9391,1098.2460,16.0000,12.7000,Ne
155,401,717.5915,Ne,1,r,1615.3336,1100.0537,16.0000,12.7000,Ne
156,464,717.5915,Ne,1,r,1227.3843,1104.8918,16.0000,12.7000,Ne
157,525,717.5915,Ne,1,r,851.0560,1112.4343,16.0000,12.7000,Ne
158,587,717.5915,Ne,1,r,467.5310,1123.3200,16.0000,12.7000,Ne
159,650,717.5915,Ne,1,r,76.1285,1136.9312,16.0000,12.7000,Ne
160,2,724.7163,Ne,2,r,4008.2639,1222.2574,17.0000,2.0000,Ne
161,63,724.7163,Ne,2,r,3629.2996,1207.9307,17.0000,2.0000,Ne
162,192,724.7163,Ne,2,r,2832.9339,1186.7842,17.0000,2.0000,Ne
163,255,724.7163,Ne,2,r,2444.9872,1181.1521,17.0000,2.0000,Ne
164,339,724.7163,Ne,2,r,1996.9848,1179.6518,17.0000,2.0000,Ne
165,401,724.7163,Ne,2,r,1615.4287,1181.4784,17.0000,2.0000,Ne
166,464,724.7163,Ne,2,r,1227.5333,1186.4064,17.0000,2.0000,Ne
167,525,724.7163,Ne,2,r,851.2854,1194.0503,17.0000,2.0000,Ne
168,587,724.7163,Ne,2,r,467.8720,1205.0919,17.0000,2.0000,Ne
169,650,724.7163,Ne,2,r,76.5239,1218.8862,17.0000,2.0000,Ne
170,2,808.4680,Ne,8,r,4006.5307,2190.3825,18.0000,12.7000,Ne
171,63,808.4680,Ne,8,r,3628.0989,2174.4234,18.0000,12.7000,Ne
172,192,808.4680,Ne,8,r,2832.4509,2150.8792,18.0000,12.7000,Ne
173,255,808.4680,Ne,8,r,2444.7496,2144.5046,18.0000,12.7000,Ne
174,339,808.4680,Ne,8,r,1997.4625,2142.6883,18.0000,12.7000,Ne
175,401,808.4680,Ne,8,r,1616.0255,2144.3486,18.0000,12.7000,Ne
176,464,808.4680,Ne,8,r,1228.3584,2150.3908,18.0000,12.7000,Ne
177,525,808.4680,Ne,8,r,852.4209,2159.0658,18.0000,12.7000,Ne
178,587,808.4680,Ne,8,r,469.4299,2171.2162,18.0000,12.7000,Ne
179,650,808.4680,Ne,8,r,78.5866,2187.3151,18.0000,12.7000,Ne
180,2,830.2606,Ne,2,r,4006.9877,2444.3911,19.0000,12.7000,Ne
181,63,830.2606,Ne,2,r,3628.3888,2428.0605,19.0000,12.7000,Ne
182,192,830.2606,Ne,2,r,2832.5491,2403.9134,19.0000,12.7000,Ne
183,255,830.2606,Ne,2,r,2444.7712,2397.4396,19.0000,12.7000,Ne
184,339,830.2606,Ne,2,r,1997.5314,2395.4511,19.0000,12.7000,Ne
185,401,830.2606,Ne,2,r,1616.0698,2397.0689,19.0000,12.7000,Ne
186,464,830.2606,Ne,2,r,1228.3109,2403.3527,19.0000,12.7000,Ne
187,525,830.2606,Ne,2,r,852.3018,2412.3030,19.0000,12.7000,Ne
188,587,830.2606,Ne,2,r,469.2073,2424.7148,19.0000,12.7000,Ne
189,650,830.2606,Ne,2,r,78.2158,2441.4875,19.0000,12.7000,Ne
190,2,846.5682,Ne,8,r,4007.5292,2635.2454,20.0000,12.7000,Ne
191,63,846.5682,Ne,8,r,3628.7921,2618.5879,20.0000,12.7000,Ne
192,192,846.5682,Ne,8,r,2832.6835,2593.9337,20.0000,12.7000,Ne
193,255,846.5682,Ne,8,r,2444.8231,2587.3872,20.0000,12.7000,Ne
194,339,846.5682,Ne,8,r,1997.5516,2585.2646,20.0000,12.7000,Ne
195,401,846.5682,Ne,8,r,1616.0674,2586.8861,20.0000,12.7000,Ne
196,464,846.5682,Ne,8,r,1228.2267,2593.3196,20.0000,12.7000,Ne
197,525,846.5682,Ne,8,r,852.1064,2602.4954,20.0000,12.7000,Ne
198,587,846.5682,Ne,8,r,468.8725,2615.1594,20.0000,12.7000,Ne
199,650,846.5682,Ne,8,r,77.7478,2632.4602,20.0000,12.7000,Ne
200,2,892.1950,Ne,8,r,4010.3972,3173.5431,21.0000,12.7000,Ne
201,63,892.1950,Ne,8,r,3630.7482,3155.5256,21.0000,12.7000,Ne
202,192,892.1950,Ne,8,r,2833.3364,3129.0022,21.0000,12.7000,Ne
203,255,892.1950,Ne,8,r,2445.0754,3122.1906,21.0000,12.7000,Ne
204,339,892.1950,Ne,8,r,1997.6844,3119.7184,21.0000,12.7000,Ne
205,401,892.1950,Ne,8,r,1615.8451,3121.6341,21.0000,12.7000,Ne
206,464,892.1950,Ne,8,r,1227.5977,3128.2854,21.0000,12.7000,Ne
207,525,892.1950,Ne,8,r,850.9854,3138.2300,21.0000,12.7000,Ne
208,587,892.1950,Ne,8,r,467.0412,3152.0745,21.0000,12.7000,Ne
209,650,892.1950,Ne,8,r,74.9895,3170.9935,21.0000,12.7000,Ne
210,2,915.1183,Ne,8,r,4012.7104,3446.9057,22.0000,12.7000,Ne
211,63,915.1183,Ne,8,r,3632.2935,3427.8282,22.0000,12.7000,Ne
212,192,915.1183,Ne,8,r,2833.9085,3400.0080,22.0000,12.7000,Ne
213,255,915.1183,Ne,8,r,2445.3135,3392.9834,22.0000,12.7000,Ne
214,339,915.1183,Ne,8,r,1997.7046,3390.3892,22.0000,12.7000,Ne
215,401,915.1183,Ne,8,r,1615.5913,3392.6828,22.0000,12.7000,Ne
216,464,915.1183,Ne,8,r,1227.0513,3399.2853,22.0000,12.7000,Ne
217,525,915.1183,Ne,8,r,850.0055,3409.7246,22.0000,12.7000,Ne
218,587,915.1183,Ne,8,r,465.5173,3424.5488,22.0000,12.7000,Ne
219,650,915.1183,Ne,8,r,72.7853,3444.3670,22.0000,12.7000,Ne
220,2,696.7352,Ar,4,r,4010.1071,900.4393,23.0000,12.7000,Ar
221,63,696.7352,Ar,4,r,3630.6457,887.0650,23.0000,12.7000,Ar
222,192,696.7352,Ar,4,r,2833.4320,867.0425,23.0000,12.7000,Ar
223,255,696.7352,Ar,4,r,2445.2308,861.9040,23.0000,12.7000,Ar
224,339,696.7352,Ar,4,r,1996.7541,860.2921,23.0000,12.7000,Ar
225,401,696.7352,Ar,4,r,1615.0199,861.9889,23.0000,12.7000,Ar
226,464,696.7352,Ar,4,r,1226.8549,866.5815,23.0000,12.7000,Ar
227,525,696.7352,Ar,4,r,850.2484,873.8068,23.0000,12.7000,Ar
228,587,696.7352,Ar,4,r,466.3812,884.1260,23.0000,12.7000,Ar
229,650,696.7352,Ar,4,r,74.5140,897.2207,23.0000,12.7000,Ar
230,2,727.4940,Ar,2,r,4008.1197,1254.2267,24.0000,12.7000,Ar
231,63,727.4940,Ar,2,r,3629.2007,1239.8228,24.0000,12.7000,Ar
232,192,727.4940,Ar,2,r,2832.8932,1218.5778,24.0000,12.7000,Ar
233,255,727.4940,Ar,2,r,2444.9695,1212.9052,24.0000,12.7000,Ar
234,339,727.4940,Ar,2,r,1997.0042,1211.4078,24.0000,12.7000,Ar
235,401,727.4940,Ar,2,r,1615.4617,1213.2390,24.0000,12.7000,Ar
236,464,727.4940,Ar,2,r,1227.5886,1218.2046,24.0000,12.7000,Ar
237,525,727.4940,Ar,2,r,851.3617,1225.8859,24.0000,12.7000,Ar
238,587,727.4940,Ar,2,r,467.9867,1236.9860,24.0000,12.7000,Ar
239,650,727.4940,Ar,2,r,76.6971,1250.8491,24.0000,12.7000,Ar
240,2,795.0362,Ar,2,r,4006.4733,2034.3492,25.0000,12.7000,Ar
241,63,795.0362,Ar,2,r,3628.0163,2018.6021,25.0000,12.7000,Ar
242,192,795.0362,Ar,2,r,2832.4458,1995.4093,25.0000,12.7000,Ar
243,255,795.0362,Ar,2,r,2444.7476,1989.1043,25.0000,12.7000,Ar
244,339,795.0362,Ar,2,r,1997.3515,1987.3827,25.0000,12.7000,Ar
245,401,795.0362,Ar,2,r,1615.9876,1989.0846,25.0000,12.7000,Ar
246,464,795.0362,Ar,2,r,1228.3257,1994.9605,25.0000,12.7000,Ar
247,525,795.0362,Ar,2,r,852.4137,2003.4739,25.0000,12.7000,Ar
248,587,795.0362,Ar,2,r,469.4350,2015.4848,25.0000,12.7000,Ar
249,650,795.0362,Ar,2,r,78.6345,2031.1857,25.0000,12.7000,Ar
250,2,826.6794,Ar,2,r,4006.9049,2402.5709,26.0000,12.7000,Ar
251,63,826.6794,Ar,2,r,3628.3265,2386.3063,26.0000,12.7000,Ar
252,192,826.6794,Ar,2,r,2832.5324,2362.2633,26.0000,12.7000,Ar
253,255,826.6794,Ar,2,r,2444.7614,2355.8028,26.0000,12.7000,Ar
254,339,826.6794,Ar,2,r,1997.5292,2353.8455,26.0000,12.7000,Ar
255,401,826.6794,Ar,2,r,1616.0668,2355.4660,26.0000,12.7000,Ar
256,464,826.6794,Ar,2,r,1228.3228,2361.7121,26.0000,12.7000,Ar
257,525,826.6794,Ar,2,r,852.3315,2370.6169,26.0000,12.7000,Ar
258,587,826.6794,Ar,2,r,469.2636,2382.9815,26.0000,12.7000,Ar
259,650,826.6794,Ar,2,r,78.2983,2399.6401,26.0000,12.7000,Ar
260,2,912.5471,Ar,2,r,4012.4016,3416.1321,28.0000,4.0000,Ar
261,63,912.5471,Ar,2,r,3632.1032,3397.1891,28.0000,4.0000,Ar
262,192,912.5471,Ar,2,r,2833.8370,3369.5289,28.0000,4.0000,Ar
263,255,912.5471,Ar,2,r,2445.2807,3362.5315,28.0000,4.0000,Ar
264,339,912.5471,Ar,2,r,1997.7020,3359.9473,28.0000,4.0000,Ar
265,401,912.5471,Ar,2,r,1615.6420,3362.1910,28.0000,4.0000,Ar
266,464,912.5471,Ar,2,r,1227.1215,3368.8054,28.0000,4.0000,Ar
267,525,912.5471,Ar,2,r,850.1213,3379.1841,28.0000,4.0000,Ar
268,587,912.5471,Ar,2,r,465.7267,3393.8815,28.0000,4.0000,Ar
269,650,912.5471,Ar,2,r,73.0577,3413.5968,28.0000,4.0000,Ar
270,2,966.0435,Ar,40,r,4020.2585,4066.4942,29.0000,12.7000,Ar
271,63,966.0435,Ar,40,r,3637.6536,4043.4411,29.0000,12.7000,Ar
272,192,966.0435,Ar,40,r,2835.9985,4011.2107,29.0000,12.7000,Ar
273,255,966.0435,Ar,40,r,2446.2577,4003.3486,29.0000,12.7000,Ar
274,339,966.0435,Ar,40,r,1997.5917,4000.8611,29.0000,12.7000,Ar
275,401,966.0435,Ar,40,r,1614.5598,4005.1082,29.0000,12.7000,Ar
276,464,966.0435,Ar,40,r,1224.8839,4010.5769,29.0000,12.7000,Ar
277,525,966.0435,Ar,40,r,846.4396,4022.4275,29.0000,12.7000,Ar
278,587,966.0435,Ar,40,r,460.1989,4041.2109,29.0000,12.7000,Ar
279,650,966.0435,Ar,40,r,65.1182,4063.1630,29.0000,12.7000,Ar
280,2,717.5915,Ne,1,m,4017.6171,386.8281,30.0000,12.7000,Ne
281,63,717.5915,Ne,1,m,3636.4101,381.9455,30.0000,12.7000,Ne
282,192,717.5915,Ne,1,m,2836.6040,373.1822,30.0000,12.7000,Ne
283,255,717.5915,Ne,1,m,2447.4553,370.9948,30.0000,12.7000,Ne
284,339,717.5915,Ne,1,m,1997.6718,370.4168,30.0000,12.7000,Ne
285,401,717.5915,Ne,1,m,1615.1472,370.8454,30.0000,12.7000,Ne
286,464,717.5915,Ne,1,m,1226.0647,372.4981,30.0000,12.7000,Ne
287,525,717.5915,Ne,1,m,848.4177,374.5207,30.0000,12.7000,Ne
288,587,717.5915,Ne,1,m,463.2536,378.0272,30.0000,12.7000,Ne
289,650,717.5915,Ne,1,m,69.6632,382.1953,30.0000,12.7000,Ne
290,2,808.4680,Ne,3,m,4010.5250,2319.7789,31.0000,,
291,63,808.4680,Ne,3,m,3631.9980,2310.0779,31.0000,,
292,192,808.4680,Ne,3,m,2836.2602,2296.1049,31.0000,,
293,255,808.4680,Ne,3,m,2448.5414,2292.1036,31.0000,,
294,339,808.4680,Ne,3,m,2001.3276,2291.2160,31.0000,,
295,401,808.4680,Ne,3,m,1619.9212,2292.0596,31.0000,,
296,464,808.4680,Ne,3,m,1232.2482,2294.6736,31.0000,,
297,525,808.4680,Ne,3,m,856.3362,2299.3290,31.0000,,
298,587,808.4680,Ne,3,m,473.3821,2306.1545,31.0000,,
299,650,808.4680,Ne,3,m,82.5866,2314.9610,31.0000,,
300,2,846.5682,Ne,3,m,4014.7323,3135.7451,32.0000,,
301,63,846.5682,Ne,3,m,3635.1890,3124.1822,32.0000,,
302,192,846.5682,Ne,3,m,2838.0172,3107.9595,32.0000,,
303,255,846.5682,Ne,3,m,2449.8521,3103.5757,32.0000,,
304,339,846.5682,Ne,3,m,2002.6155,3102.5072,32.0000,,
305,401,846.5682,Ne,3,m,1620.8462,3103.5451,32.0000,,
306,464,846.5682,Ne,3,m,1232.7455,3106.7461,32.0000,,
307,525,846.5682,Ne,3,m,856.2698,3112.1140,32.0000,,
308,587,846.5682,Ne,3,m,472.5550,3120.2113,32.0000,,
309,650,846.5682,Ne,3,m,80.7829,3130.9474,32.0000,,
310,2,727.4940,Ar,30,m,4015.3851,598.3524,33.0000,,
311,63,727.4940,Ar,30,m,3634.8963,592.7377,33.0000,,
312,192,727.4940,Ar,30,m,2836.1183,583.1889,33.0000,,
313,255,727.4940,Ar,30,m,2447.3697,580.6219,33.0000,,
314,339,727.4940,Ar,30,m,1998.0967,580.0194,33.0000,,
315,401,727.4940,Ar,30,m,1615.9279,580.4819,33.0000,,
316,464,727.4940,Ar,30,m,1227.2132,582.2471,33.0000,,
317,525,727.4940,Ar,30,m,850.0218,584.7920,33.0000,,
318,587,727.4940,Ar,30,m,465.4026,588.8296,33.0000,,
319,650,727.4940,Ar,30,m,72.5539,593.6662,33.0000,,
320,2,763.7208,Ar,4,m,4010.7536,1368.6425,34.0000,12.7000,Ar
321,63,763.7208,Ar,4,m,3631.8185,1360.9328,34.0000,12.7000,Ar
322,192,763.7208,Ar,4,m,2835.4849,1349.1173,34.0000,12.7000,Ar
323,255,763.7208,Ar,4,m,2447.5635,1345.6229,34.0000,12.7000,Ar
324,339,763.7208,Ar,4,m,1999.6871,1344.9060,34.0000,12.7000,Ar
325,401,763.7208,Ar,4,m,1618.1143,1345.5271,34.0000,12.7000,Ar
326,464,763.7208,Ar,4,m,1230.2466,1347.6723,34.0000,12.7000,Ar
327,525,763.7208,Ar,4,m,854.0818,1351.5180,34.0000,12.7000,Ar
328,587,763.7208,Ar,4,m,470.7611,1357.0362,34.0000,12.7000,Ar
329,650,763.7208,Ar,4,m,79.5497,1363.8435,34.0000,12.7000,Ar
330,2,811.7542,Ar,30,m,4010.7339,2389.8475,35.0000,,
331,63,811.7542,Ar,30,m,3632.1526,2380.0013,35.0000,,
332,192,811.7542,Ar,30,m,2836.3665,2365.8614,35.0000,,
333,255,811.7542,Ar,30,m,2448.6362,2361.8370,35.0000,,
334,339,811.7542,Ar,30,m,2001.4018,2360.9327,35.0000,,
335,401,811.7542,Ar,30,m,1620.0184,2361.7964,35.0000,,
336,464,811.7542,Ar,30,m,1232.3372,2364.4501,35.0000,,
337,525,811.7542,Ar,30,m,856.4084,2369.1558,35.0000,,
338,587,811.7542,Ar,30,m,473.4377,2376.0741,35.0000,,
339,650,811.7542,Ar,30,m,82.5952,2385.0299,35.0000,,
340,2,842.6963,Ar,30,m,4014.0732,3052.3858,36.0000,,
341,63,842.6963,Ar,30,m,3634.7277,3041.0366,36.0000,,
342,192,842.6963,Ar,30,m,2837.7908,3025.0913,36.0000,,
343,255,842.6963,Ar,30,m,2449.6977,3020.7585,36.0000,,
344,339,842.6963,Ar,30,m,2002.4876,3019.7076,36.0000,,
345,401,842.6963,Ar,30,m,1620.7858,3020.7288,36.0000,,
346,464,842.6963,Ar,30,m,1232.7572,3023.8549,36.0000,,
347,525,842.6963,Ar,30,m,856.3750,3029.1283,36.0000,,
348,587,842.6963,Ar,30,m,472.7857,3037.0734,36.0000,,
349,650,842.6963,Ar,30,m,81.1582,3047.5861,36.0000,,
350,2,867.0325,Ar,30,m,4019.0586,3578.6034,37.0000,,
351,63,867.0325,Ar,30,m,3638.3742,3565.7381,37.0000,,
352,192,867.0325,Ar,30,m,2839.5681,3547.8250,37.0000,,
353,255,867.0325,Ar,30,m,2450.8491,3543.0777,37.0000,,
354,339,867.0325,Ar,30,m,2003.1903,3541.8934,37.0000,,
355,401,867.0325,Ar,30,m,1621.0183,3543.0329,37.0000,,
356,464,867.0325,Ar,30,m,1232.3728,3546.6807,37.0000,,
357,525,867.0325,Ar,30,m,855.2129,3552.6873,37.0000,,
358,587,867.0325,Ar,30,m,470.6300,3561.7368,37.0000,,
359,650,867.0325,Ar,30,m,77.7545,3573.8074,37.0000,,
